cause,sex,age,2019,2000,contrib
001-008  I.Infectious and parasitic diseases (1),Females,0,2.658537126621666e-5,1.4357726421199e-4,0.009805014396306433
001-008  I.Infectious and parasitic diseases (1),Females,1,1.4562563821172615e-5,5.371849932426682e-5,0.012708199630168338
001-008  I.Infectious and parasitic diseases (1),Females,5,3.527207449637259e-6,9.721494433139468e-6,0.0023741926298868066
001-008  I.Infectious and parasitic diseases (1),Females,10,8.201830123571702e-7,2.864297975782719e-6,7.326212900125029e-4
001-008  I.Infectious and parasitic diseases (1),Females,15,2.6232286041297753e-6,1.1746354884779037e-5,0.0030428889899951628
001-008  I.Infectious and parasitic diseases (1),Females,20,5.368141094603674e-6,7.453897791204141e-6,6.438514738960066e-4
001-008  I.Infectious and parasitic diseases (1),Females,25,1.6111653902004511e-6,2.5679637363772392e-5,0.006832320505139933
001-008  I.Infectious and parasitic diseases (1),Females,30,3.5867157689960717e-6,5.633229370385837e-5,0.013665419200975748
001-008  I.Infectious and parasitic diseases (1),Females,35,5.3474065968790945e-6,7.148934002378176e-5,0.015499582272610724
001-008  I.Infectious and parasitic diseases (1),Females,40,1.2785414573746831e-5,4.6709711055358e-5,0.007112608174494994
001-008  I.Infectious and parasitic diseases (1),Females,45,1.8403607019646902e-5,3.64306334317248e-5,0.003336593169507296
001-008  I.Infectious and parasitic diseases (1),Females,50,2.8433775553190777e-5,3.518385794258405e-5,0.0010845669371519762
001-008  I.Infectious and parasitic diseases (1),Females,55,3.864887264128819e-5,3.956508942021327e-5,1.2506604980444536e-4
001-008  I.Infectious and parasitic diseases (1),Females,60,4.4826678006099805e-5,8.641248017562201e-5,0.004686443133280704
001-008  I.Infectious and parasitic diseases (1),Females,65,7.525106326420876e-5,1.9004546566590312e-4,0.010266783443881877
001-008  I.Infectious and parasitic diseases (1),Females,70,1.294703878272269e-4,2.6261728938813995e-4,0.00892447791466111
001-008  I.Infectious and parasitic diseases (1),Females,75,3.100400957638185e-4,4.6309992301985306e-4,0.007043360755204731
001-008  I.Infectious and parasitic diseases (1),Females,80,6.521941158039576e-4,7.915191554639745e-4,0.003830315776696125
001-008  I.Infectious and parasitic diseases (1),Females,85,0.00127722293170059,0.00131144393879277,4.502290466774639e-4
001-008  I.Infectious and parasitic diseases (1),Females,90,0.00212936198565114,0.00172104647047143,-0.0017460260769581737
001-008  I.Infectious and parasitic diseases (1),Females,95,0.00334295312308819,0.00246048259619059,0
001-008  I.Infectious and parasitic diseases (1),Males,0,4.944465478360087e-5,1.9323625769042857e-4,0.01116834502006725
001-008  I.Infectious and parasitic diseases (1),Males,1,1.0583208502644453e-5,2.6812821736704855e-5,0.004870487889959918
001-008  I.Infectious and parasitic diseases (1),Males,5,1.677887175825167e-6,9.957647667311829e-6,0.0029205841796482446
001-008  I.Infectious and parasitic diseases (1),Males,10,1.5508410166201998e-6,2.7260377554293022e-6,3.853235292012869e-4
001-008  I.Infectious and parasitic diseases (1),Males,15,3.2996483332299216e-6,8.177177904422144e-6,0.0014780924642536775
001-008  I.Infectious and parasitic diseases (1),Males,20,3.398200968266135e-6,1.2948328853485484e-5,0.0026573767193838194
001-008  I.Infectious and parasitic diseases (1),Males,25,8.631759069665511e-6,5.520831369817704e-5,0.011809366502831153
001-008  I.Infectious and parasitic diseases (1),Males,30,8.641058779718359e-6,1.9687586044072272e-4,0.04309233993924977
001-008  I.Infectious and parasitic diseases (1),Males,35,1.3090376101523475e-5,3.124103799829165e-4,0.061187737973284584
001-008  I.Infectious and parasitic diseases (1),Males,40,2.6454144124612236e-5,2.2923933157963417e-4,0.03651603019443428
001-008  I.Infectious and parasitic diseases (1),Males,45,4.590524435346173e-5,1.4258335806560963e-4,0.015075949466961447
001-008  I.Infectious and parasitic diseases (1),Males,50,9.999789579093176e-5,1.3250247103619036e-4,0.004295412534460752
001-008  I.Infectious and parasitic diseases (1),Males,55,1.1454429339809044e-4,1.2764818146292323e-4,0.0014270811246319681
001-008  I.Infectious and parasitic diseases (1),Males,60,1.311798236159391e-4,1.8203371382983537e-4,0.004398380459392115
001-008  I.Infectious and parasitic diseases (1),Males,65,1.6146448562253117e-4,2.861435043091028e-4,0.00814557844849162
001-008  I.Infectious and parasitic diseases (1),Males,70,2.5547761933701136e-4,4.35214357897439e-4,0.008262613057908652
001-008  I.Infectious and parasitic diseases (1),Males,75,4.175618857331464e-4,6.888605113742011e-4,0.007906314908169065
001-008  I.Infectious and parasitic diseases (1),Males,80,8.997967412092065e-4,0.0011571181391686,0.004062142728784579
001-008  I.Infectious and parasitic diseases (1),Males,85,0.0016656748815451,0.00161314797927313,-3.540385199158891e-4
001-008  I.Infectious and parasitic diseases (1),Males,90,0.00267396252136599,0.00248812805023906,-3.621452361244337e-4
001-008  I.Infectious and parasitic diseases (1),Males,95,0.00359060331129667,0.00267011225886056,0
009-041  II.Tumours,Females,0,6.646342816554165e-5,6.153311323371325e-5,-4.132064852626627e-4
009-041  II.Tumours,Females,1,3.236125293593915e-5,3.2614803161162e-5,8.229063710984974e-5
009-041  II.Tumours,Females,5,2.557225400987013e-5,4.32066419250643e-5,0.006759040052955356
009-041  II.Tumours,Females,10,2.2144941333643595e-5,3.628110769324777e-5,0.005066474547447797
009-041  II.Tumours,Females,15,2.4483466971877903e-5,4.15037872595526e-5,0.005676885709618773
009-041  II.Tumours,Females,20,2.952477602032021e-5,4.410222859795784e-5,0.00449990851934956
009-041  II.Tumours,Females,25,4.5112630925612635e-5,7.166410427099273e-5,0.007537170451811903
009-041  II.Tumours,Females,30,9.755866891669316e-5,1.4144304179990522e-4,0.011369642258145518
009-041  II.Tumours,Females,35,1.7824688656263647e-4,2.8407606167344865e-4,0.024799819441881255
009-041  II.Tumours,Females,40,3.1758969801187124e-4,5.666987003039758e-4,0.05222848843528993
009-041  II.Tumours,Females,45,6.157321091430436e-4,8.331527471777063e-4,0.040242034338973554
009-041  II.Tumours,Females,50,0.00106900060012476,0.00126170951040615,0.03096343134170354
009-041  II.Tumours,Females,55,0.00173028029824844,0.00172982251418606,-6.248875340020277e-5
009-041  II.Tumours,Females,60,0.00248584305306553,0.00247481324037856,-0.0012429864816709824
009-041  II.Tumours,Females,65,0.00314866291026557,0.00359285005943738,0.03972644290003302
009-041  II.Tumours,Females,70,0.00413543650530495,0.00491929474260006,0.052539904874322474
009-041  II.Tumours,Females,75,0.00573094733716006,0.0071371870488942,0.06471099466938313
009-041  II.Tumours,Females,80,0.00835039106619723,0.01041019758816748,0.056628080213883436
009-041  II.Tumours,Females,85,0.01197476726040392,0.01423988526809365,0.029801049737258722
009-041  II.Tumours,Females,90,0.01507247587923306,0.01627618233502983,0.005147252033637528
009-041  II.Tumours,Females,95,0.01657227908888311,0.01759061438172082,0
009-041  II.Tumours,Males,0,7.416698217540133e-5,3.864725153808571e-5,-0.0027588301316114894
009-041  II.Tumours,Males,1,2.5702077792136528e-5,6.792581506631897e-5,0.01267129401655609
009-041  II.Tumours,Males,5,1.929570252198942e-5,4.2817884969440855e-5,0.00829716197694097
009-041  II.Tumours,Males,10,3.41185023656444e-5,3.816452857601023e-5,0.0013266111513559053
009-041  II.Tumours,Males,15,3.7121043748836624e-5,6.541742323537715e-5,0.008574969085330508
009-041  II.Tumours,Males,20,4.1627961861260155e-5,6.591876507228972e-5,0.006759052415247879
009-041  II.Tumours,Males,25,4.3943500718297136e-5,8.025126011796868e-5,0.009205739691708459
009-041  II.Tumours,Males,30,7.704944078582204e-5,1.235647292255587e-4,0.010648682410874244
009-041  II.Tumours,Males,35,1.3863898325704407e-4,2.857033296066433e-4,0.03006325862152437
009-041  II.Tumours,Males,40,2.5156393658121824e-4,7.042397483662635e-4,0.08151445295079895
009-041  II.Tumours,Males,45,5.797471309358537e-4,0.00144017157196995,0.13417427100698376
009-041  II.Tumours,Males,50,0.00134173000835964,0.00250832209410914,0.15416273727588248
009-041  II.Tumours,Males,55,0.00266024527394602,0.00393022032399,0.13830684638827506
009-041  II.Tumours,Males,60,0.00465976681141234,0.00613398453875081,0.12750588931425
009-041  II.Tumours,Males,65,0.00692387493185649,0.00901969614482254,0.13692501394648104
009-041  II.Tumours,Males,70,0.00976121027113027,0.01274663838418349,0.13724204777943783
009-041  II.Tumours,Males,75,0.01322323773606053,0.01773684354858916,0.13153767786006654
009-041  II.Tumours,Males,80,0.01927064687423051,0.02415484115514461,0.07710317035292746
009-041  II.Tumours,Males,85,0.02558298649451587,0.03054090710125971,0.033417066178870414
009-041  II.Tumours,Males,90,0.0319128311143709,0.03544014323659848,0.006873855532873563
009-041  II.Tumours,Males,95,0.03231542980167006,0.04144478593100961,0
"042-043  III. Diseases of blood and haematopoeitic organs, and certain disorders involving the immune mechan",Females,0,9.304879943175832e-5,5.1277594361427714e-5,-0.0035008175074580095
"042-043  III. Diseases of blood and haematopoeitic organs, and certain disorders involving the immune mechan",Females,1,4.854187940390872e-6,5.755553499028588e-6,2.925414323726727e-4
"042-043  III. Diseases of blood and haematopoeitic organs, and certain disorders involving the immune mechan",Females,5,8.818018624093147e-7,5.400830240633037e-6,0.0017320869857258003
"042-043  III. Diseases of blood and haematopoeitic organs, and certain disorders involving the immune mechan",Females,10,8.201830123571702e-7,9.547659919275728e-7,4.823523029529042e-5
"042-043  III. Diseases of blood and haematopoeitic organs, and certain disorders involving the immune mechan",Females,15,1.7488190694198502e-6,1.566180651303871e-6,-6.091644624461878e-5
"042-043  III. Diseases of blood and haematopoeitic organs, and certain disorders involving the immune mechan",Females,20,8.946901824339458e-7,1.8634744478010352e-6,2.9905366150728696e-4
"042-043  III. Diseases of blood and haematopoeitic organs, and certain disorders involving the immune mechan",Females,25,1.6111653902004511e-6,1.1944017378498788e-6,-1.1830675623514253e-4
"042-043  III. Diseases of blood and haematopoeitic organs, and certain disorders involving the immune mechan",Females,30,0,4.898460322074641e-6,0.0012691019107506918
"042-043  III. Diseases of blood and haematopoeitic organs, and certain disorders involving the immune mechan",Females,35,3.5649377312527298e-6,3.1354973694641126e-6,-1.0063428557316456e-4
"042-043  III. Diseases of blood and haematopoeitic organs, and certain disorders involving the immune mechan",Females,40,2.5570829147493664e-06,6.182167639679736e-6,7.600395563400753e-4
"042-043  III. Diseases of blood and haematopoeitic organs, and certain disorders involving the immune mechan",Females,45,3.6807214039293806e-6,3.959851459970087e-6,5.166373071574526e-5
"042-043  III. Diseases of blood and haematopoeitic organs, and certain disorders involving the immune mechan",Females,50,9.842460768412193e-6,8.182292544786988e-6,-2.6674690199968154e-4
"042-043  III. Diseases of blood and haematopoeitic organs, and certain disorders involving the immune mechan",Females,55,1.189196081270406e-5,1.1041420303315331e-5,-1.1610106275838916e-4
"042-043  III. Diseases of blood and haematopoeitic organs, and certain disorders involving the immune mechan",Females,60,2.037576273004536e-5,1.7081536778902026e-5,-3.712373402038338e-4
"042-043  III. Diseases of blood and haematopoeitic organs, and certain disorders involving the immune mechan",Females,65,2.376349366238172e-5,3.332550819733846e-5,8.551909366758537e-4
"042-043  III. Diseases of blood and haematopoeitic organs, and certain disorders involving the immune mechan",Females,70,4.23105842572637e-5,3.924166393156114e-5,-2.0570145714771115e-4
"042-043  III. Diseases of blood and haematopoeitic organs, and certain disorders involving the immune mechan",Females,75,7.8841811293892e-5,1.077264526810888e-4,0.0013291858040531679
"042-043  III. Diseases of blood and haematopoeitic organs, and certain disorders involving the immune mechan",Females,80,1.7554144177827545e-4,2.4663278032573116e-4,0.0019544388882195562
"042-043  III. Diseases of blood and haematopoeitic organs, and certain disorders involving the immune mechan",Females,85,4.2520612675961953e-4,4.98096495983794e-4,9.589829240468362e-4
"042-043  III. Diseases of blood and haematopoeitic organs, and certain disorders involving the immune mechan",Females,90,0.00102209375311255,0.00100804150413326,-6.008978897398265e-5
"042-043  III. Diseases of blood and haematopoeitic organs, and certain disorders involving the immune mechan",Females,95,0.00191808785750961,0.00154239207522395,0
"042-043  III. Diseases of blood and haematopoeitic organs, and certain disorders involving the immune mechan",Males,0,9.888930956720176e-5,2.898543865356428e-5,-0.0054294585553833485
"042-043  III. Diseases of blood and haematopoeitic organs, and certain disorders involving the immune mechan",Males,1,0,5.362564347340973e-6,0.0016092992689067387
"042-043  III. Diseases of blood and haematopoeitic organs, and certain disorders involving the immune mechan",Males,5,2.5168307637377505e-6,4.9788238336559136e-6,0.00086843792377067075
"042-043  III. Diseases of blood and haematopoeitic organs, and certain disorders involving the immune mechan",Males,10,7.754205083100999e-7,4.543396259048837e-6,0.0012354439612067836
"042-043  III. Diseases of blood and haematopoeitic organs, and certain disorders involving the immune mechan",Males,15,3.2996483332299216e-6,2.2301394284787667e-6,-3.2410527288107005e-4
"042-043  III. Diseases of blood and haematopoeitic organs, and certain disorders involving the immune mechan",Males,20,2.548650726199601e-6,2.942802012155791e-6,1.0967480896795223e-4
"042-043  III. Diseases of blood and haematopoeitic organs, and certain disorders involving the immune mechan",Males,25,3.923526849847959e-6,5.122420858593748e-6,3.039765147576645e-4
"042-043  III. Diseases of blood and haematopoeitic organs, and certain disorders involving the immune mechan",Males,30,2.1602646949295898e-6,4.138531600856032e-6,4.5288198164428195e-4
"042-043  III. Diseases of blood and haematopoeitic organs, and certain disorders involving the immune mechan",Males,35,2.380068382095177e-6,8.695318727158709e-6,0.001290979146688187
"042-043  III. Diseases of blood and haematopoeitic organs, and certain disorders involving the immune mechan",Males,40,3.9930783584320355e-6,7.572470412540468e-6,6.445499789435871e-4
"042-043  III. Diseases of blood and haematopoeitic organs, and certain disorders involving the immune mechan",Males,45,6.189471148781356e-6,8.76210580291456e-6,4.011757009578787e-4
"042-043  III. Diseases of blood and haematopoeitic organs, and certain disorders involving the immune mechan",Males,50,8.241584817933937e-6,1.0063478812875218e-5,2.4075953136559747e-4
"042-043  III. Diseases of blood and haematopoeitic organs, and certain disorders involving the immune mechan",Males,55,1.8376089849961037e-5,1.4396411443186823e-5,-4.3340754348264454e-4
"042-043  III. Diseases of blood and haematopoeitic organs, and certain disorders involving the immune mechan",Males,60,1.801920654065097e-5,2.868410036106497e-5,9.224124326152605e-4
"042-043  III. Diseases of blood and haematopoeitic organs, and certain disorders involving the immune mechan",Males,65,4.7744874780856e-5,3.3966674971943856e-5,-9.00162742681232e-4
"042-043  III. Diseases of blood and haematopoeitic organs, and certain disorders involving the immune mechan",Males,70,6.58346172906914e-5,7.149054293992515e-5,2.6000652674440516e-4
"042-043  III. Diseases of blood and haematopoeitic organs, and certain disorders involving the immune mechan",Males,75,1.2807009913860077e-4,1.402260582950028e-4,3.54254802616083e-4
"042-043  III. Diseases of blood and haematopoeitic organs, and certain disorders involving the immune mechan",Males,80,2.212000322139299e-4,2.2729106305097583e-4,9.615460206191528e-5
"042-043  III. Diseases of blood and haematopoeitic organs, and certain disorders involving the immune mechan",Males,85,5.255635268982064e-4,5.241029299748156e-4,-9.844623448884704e-6
"042-043  III. Diseases of blood and haematopoeitic organs, and certain disorders involving the immune mechan",Males,90,0.0012686129007617,0.00119179242742543,-1.4970402577318964e-4
"042-043  III. Diseases of blood and haematopoeitic organs, and certain disorders involving the immune mechan",Males,95,0.00212172013849348,0.00104482653607587,0
"044-045  IV.Endocrine, nutritional and metabolic diseases",Females,0,2.3926834139594995e-4,1.3332174533971206e-4,-0.008879315253508935
"044-045  IV.Endocrine, nutritional and metabolic diseases",Females,1,1.1326438527578702e-5,1.3429624831066705e-5,6.825966755457102e-4
"044-045  IV.Endocrine, nutritional and metabolic diseases",Females,5,2.6454055872279444e-06,3.240498144379822e-6,2.2809152483205253e-4
"044-045  IV.Endocrine, nutritional and metabolic diseases",Females,10,0,1.9095319838551456e-6,6.843860596745799e-4
"044-045  IV.Endocrine, nutritional and metabolic diseases",Females,15,3.4976381388397004e-6,4.698541953911613e-6,4.0054438407821635e-4
"044-045  IV.Endocrine, nutritional and metabolic diseases",Females,20,1.7893803648678917e-6,3.1057907463350588e-6,4.06362240511271e-4
"044-045  IV.Endocrine, nutritional and metabolic diseases",Females,25,2.4167480853006767e-6,5.972008689249394e-6,0.0010092323248329649
"044-045  IV.Endocrine, nutritional and metabolic diseases",Females,30,4.304058922795287e-6,8.572305563630622e-6,0.001105825016708195
"044-045  IV.Endocrine, nutritional and metabolic diseases",Females,35,7.724031751047583e-6,9.406492108392338e-6,3.942647482375605e-4
"044-045  IV.Endocrine, nutritional and metabolic diseases",Females,40,1.1251164824897211e-5,1.5111965341439352e-5,8.094600084262993e-4
"044-045  IV.Endocrine, nutritional and metabolic diseases",Females,45,1.1042164211788144e-5,2.534304934380855e-5,0.002646927704986979
"044-045  IV.Endocrine, nutritional and metabolic diseases",Females,50,3.171459580932817e-5,3.109271167019055e-5,-9.992099903399776e-5
"044-045  IV.Endocrine, nutritional and metabolic diseases",Females,55,4.340565696636981e-5,8.649112570930345e-5,0.0058812821429654605
"044-045  IV.Endocrine, nutritional and metabolic diseases",Females,60,8.625739555719203e-5,1.4971464588567067e-4,0.007151209777020995
"044-045  IV.Endocrine, nutritional and metabolic diseases",Females,65,1.631759898150211e-4,3.4136128667003454e-4,0.015936228749282577
"044-045  IV.Endocrine, nutritional and metabolic diseases",Females,70,2.8263470283852146e-4,6.892446100799842e-4,0.02725396608173014
"044-045  IV.Endocrine, nutritional and metabolic diseases",Females,75,6.829405545862806e-4,0.00141901741117848,0.03387208091693594
"044-045  IV.Endocrine, nutritional and metabolic diseases",Females,80,0.00150811881002211,0.00275311010596165,0.034227227474943334
"044-045  IV.Endocrine, nutritional and metabolic diseases",Females,85,0.00320589374062535,0.00471615416450478,0.019869757570774027
"044-045  IV.Endocrine, nutritional and metabolic diseases",Females,90,0.00622114397727838,0.00711365874461525,0.0038165438288615405
"044-045  IV.Endocrine, nutritional and metabolic diseases",Females,95,0.01034671392850903,0.00987865400560104,0
"044-045  IV.Endocrine, nutritional and metabolic diseases",Males,0,2.3486211022210416e-4,1.449271932678214e-4,-0.006985277036946513
"044-045  IV.Endocrine, nutritional and metabolic diseases",Males,1,1.814264314739049e-5,1.6087693042022913e-5,-6.166881156559612e-4
"044-045  IV.Endocrine, nutritional and metabolic diseases",Males,5,1.0067323054951002e-5,5.974588600387096e-6,-0.0014436619889863778
"044-045  IV.Endocrine, nutritional and metabolic diseases",Males,10,3.8771025415505e-6,2.7260377554293022e-6,-3.774111441146033e-4
"044-045  IV.Endocrine, nutritional and metabolic diseases",Males,15,1.6498241666149608e-6,5.203658666450455e-6,0.0010769583078626965
"044-045  IV.Endocrine, nutritional and metabolic diseases",Males,20,4.247751210332668e-6,4.7084832194492655e-6,1.2820126912060914e-4
"044-045  IV.Endocrine, nutritional and metabolic diseases",Males,25,3.1388214798783672e-6,5.691578731770828e-6,6.472450832717414e-4
"044-045  IV.Endocrine, nutritional and metabolic diseases",Males,30,2.1602646949295898e-6,1.3006813602690393e-5,0.0024830858508408937
"044-045  IV.Endocrine, nutritional and metabolic diseases",Males,35,8.925256432856913e-6,1.801173164911447e-5,0.0018574798116901547
"044-045  IV.Endocrine, nutritional and metabolic diseases",Males,40,1.2478369870100112e-5,2.8224662446741748e-5,0.0028354738444988925
"044-045  IV.Endocrine, nutritional and metabolic diseases",Males,45,2.836840943191455e-5,3.265875799268153e-5,6.690353753242562e-4
"044-045  IV.Endocrine, nutritional and metabolic diseases",Males,50,5.219670384691493e-5,9.308717901909578e-5,0.005403591902762628
"044-045  IV.Endocrine, nutritional and metabolic diseases",Males,55,1.047437121447779e-4,1.372457890917144e-4,0.003539644134093578
"044-045  IV.Endocrine, nutritional and metabolic diseases",Males,60,1.9604896716228265e-4,2.647763110252151e-4,0.005944265129016912
"044-045  IV.Endocrine, nutritional and metabolic diseases",Males,65,3.3855456662788e-4,4.1892232465397423e-4,0.0052506178233215905
"044-045  IV.Endocrine, nutritional and metabolic diseases",Males,70,5.591029438567672e-4,8.001923929065306e-4,0.011083036478652275
"044-045  IV.Endocrine, nutritional and metabolic diseases",Males,75,9.49853235277956e-4,0.0014057662344074,0.013286435693743215
"044-045  IV.Endocrine, nutritional and metabolic diseases",Males,80,0.00195893248867421,0.00244854463377642,0.007729145076510235
"044-045  IV.Endocrine, nutritional and metabolic diseases",Males,85,0.00365669861307482,0.00420643650291475,0.003705308719617051
"044-045  IV.Endocrine, nutritional and metabolic diseases",Males,90,0.00666971333454359,0.00577078438542842,-0.0017517892940048796
"044-045  IV.Endocrine, nutritional and metabolic diseases",Males,95,0.00861744794711201,0.00719769391518934,0
046-049  V.Mental and behaviour disorders,Females,0,0,0,0
046-049  V.Mental and behaviour disorders,Females,1,0,0,0
046-049  V.Mental and behaviour disorders,Females,5,0,0,0
046-049  V.Mental and behaviour disorders,Females,10,0,0,0
046-049  V.Mental and behaviour disorders,Females,15,0,0,0
046-049  V.Mental and behaviour disorders,Females,20,8.946901824339458e-7,1.8634744478010352e-6,2.9905366150728696e-4
046-049  V.Mental and behaviour disorders,Females,25,0,1.7916026067748182e-6,5.085824825528107e-4
046-049  V.Mental and behaviour disorders,Females,30,1.434686307598429e-6,6.123075402593301e-7,-2.1306337016824273e-4
046-049  V.Mental and behaviour disorders,Females,35,5.941562885421216e-7,5.016795791142581e-6,0.0010363934236607975
046-049  V.Mental and behaviour disorders,Females,40,2.0456663317994933e-6,4.808352608639795e-6,5.792280764751467e-4
046-049  V.Mental and behaviour disorders,Females,45,1.5774520302554488e-6,5.5437920439581215e-6,7.341234596651702e-4
046-049  V.Mental and behaviour disorders,Females,50,5.468033760228997e-6,4.909375526872193e-6,-8.976220055956219e-5
046-049  V.Mental and behaviour disorders,Females,55,1.4270352975244872e-5,1.6562130454972998e-5,3.128337780822221e-4
046-049  V.Mental and behaviour disorders,Females,60,2.2413339003049902e-5,2.9139092152244633e-5,7.579476171315491e-4
046-049  V.Mental and behaviour disorders,Females,65,7.28747138979706e-5,6.484963757319917e-5,-7.17732912221436e-4
046-049  V.Mental and behaviour disorders,Females,70,2.2847715498922397e-4,2.6161109287707433e-4,0.0022208785440938072
046-049  V.Mental and behaviour disorders,Females,75,6.573702374098833e-4,8.543822109189803e-4,0.00906590858930656
046-049  V.Mental and behaviour disorders,Females,80,0.00225384960648165,0.00288311808318761,0.017299811884669225
046-049  V.Mental and behaviour disorders,Females,85,0.00656742896915895,0.00721924668229676,0.008575646739103604
046-049  V.Mental and behaviour disorders,Females,90,0.01687136088471115,0.01495671337433506,-0.00818735604907772
046-049  V.Mental and behaviour disorders,Females,95,0.03463518645560227,0.02416414251184196,0
046-049  V.Mental and behaviour disorders,Males,0,0,0,0
046-049  V.Mental and behaviour disorders,Males,1,0,0,0
046-049  V.Mental and behaviour disorders,Males,5,0,0,0
046-049  V.Mental and behaviour disorders,Males,10,0,0,0
046-049  V.Mental and behaviour disorders,Males,15,2.4747362499224416e-6,7.433798094929222e-7,-5.246723510765605e-4
046-049  V.Mental and behaviour disorders,Males,20,8.495502420665337e-7,1.765681207293475e-6,2.549185862221748e-4
046-049  V.Mental and behaviour disorders,Males,25,7.847053699695918e-7,4.553262985416663e-6,9.555081612120375e-4
046-049  V.Mental and behaviour disorders,Males,30,3.6004411582159835e-6,8.277063201712065e-6,0.001070612793526493
046-049  V.Mental and behaviour disorders,Males,35,4.760136764190354e-6,1.3042978090738064e-5,0.0016931989777191347
046-049  V.Mental and behaviour disorders,Males,40,3.9930783584320355e-6,2.2029004836481363e-5,0.0032477738833875947
046-049  V.Mental and behaviour disorders,Males,45,1.0315785247968929e-5,3.1862202919689306e-5,0.003359940440759601
046-049  V.Mental and behaviour disorders,Males,50,2.8021388380975385e-5,2.7674566735406857e-5,-4.58317646945261e-5
046-049  V.Mental and behaviour disorders,Males,55,3.0626816416601724e-5,4.41489950924396e-5,0.0014726351336520338
046-049  V.Mental and behaviour disorders,Males,60,7.495989920910805e-5,7.391672016120589e-5,-9.022511987666348e-5
046-049  V.Mental and behaviour disorders,Males,65,1.5104742203398078e-4,1.224858885351915e-4,-0.0018659932854916406
046-049  V.Mental and behaviour disorders,Males,70,4.07781584710999e-4,3.762660154732903e-4,-0.0014487909147788969
046-049  V.Mental and behaviour disorders,Males,75,8.698094233163305e-4,0.00101488609691008,0.0042278941309206175
046-049  V.Mental and behaviour disorders,Males,80,0.00275562751995319,0.00277226220842478,2.6259953251894785e-4
046-049  V.Mental and behaviour disorders,Males,85,0.00638462358602265,0.00650023763799933,7.792545548426233e-4
046-049  V.Mental and behaviour disorders,Males,90,0.01423581183249966,0.01218973658226366,-0.00398729259029551
046-049  V.Mental and behaviour disorders,Males,95,0.0242528932753948,0.01834251029999865,0
050-052  VI-VIII.Diseases of the nervous system and sensory organs,Females,0,2.1268297012973328e-4,2.5638797180713857e-4,0.0036628877423794393
050-052  VI-VIII.Diseases of the nervous system and sensory organs,Females,1,1.294450117437566e-5,1.3429624831066705e-5,1.5744862675148852e-4
050-052  VI-VIII.Diseases of the nervous system and sensory organs,Females,5,7.054414899274518e-6,8.641328385012861e-6,6.082440661998589e-4
050-052  VI-VIII.Diseases of the nervous system and sensory organs,Females,10,1.3122928197714725e-5,1.5276255870841165e-5,7.717636855062437e-4
050-052  VI-VIII.Diseases of the nervous system and sensory organs,Females,15,1.1367323951229026e-5,1.8011077489994518e-5,0.0022159294822330367
050-052  VI-VIII.Diseases of the nervous system and sensory organs,Females,20,1.3420352736509188e-5,1.242316298534024e-5,-3.078221405843351e-4
050-052  VI-VIII.Diseases of the nervous system and sensory organs,Females,25,1.0472575036302933e-5,1.2541218247423723e-5,5.872260376520444e-4
050-052  VI-VIII.Diseases of the nervous system and sensory organs,Females,30,1.0760147306988216e-5,1.4695380966223922e-5,0.0010195474144722994
050-052  VI-VIII.Diseases of the nervous system and sensory organs,Females,35,1.1883125770842432e-5,2.0067183164570323e-5,0.0019178373585901909
050-052  VI-VIII.Diseases of the nervous system and sensory organs,Females,40,2.5059412564543792e-5,3.434537577599853e-5,0.001946906043627905
050-052  VI-VIII.Diseases of the nervous system and sensory organs,Females,45,4.048793544322319e-5,3.5638663139730784e-5,-8.975439695291243e-4
050-052  VI-VIII.Diseases of the nervous system and sensory organs,Females,50,6.233558486661055e-5,5.318490154111542e-5,-0.0014702825854016055
050-052  VI-VIII.Diseases of the nervous system and sensory organs,Females,55,1.010816669079845e-4,8.005029719903614e-5,-0.002870838422253996
050-052  VI-VIII.Diseases of the nervous system and sensory organs,Females,60,1.7930671202439922e-4,1.6478659010234895e-4,-0.0016363211029641889
050-052  VI-VIII.Diseases of the nervous system and sensory organs,Females,65,3.318967948179313e-4,2.6300130793575216e-4,-0.006161755532104962
050-052  VI-VIII.Diseases of the nervous system and sensory organs,Females,70,6.45659515765844e-4,5.906373519955486e-4,-0.003687987325292852
050-052  VI-VIII.Diseases of the nervous system and sensory organs,Females,75,0.001458573508937,0.00129024096199648,-0.007746166164110946
050-052  VI-VIII.Diseases of the nervous system and sensory organs,Females,80,0.00346598248182653,0.00261545460066356,-0.023382662418995892
050-052  VI-VIII.Diseases of the nervous system and sensory organs,Females,85,0.00734884551154361,0.00424012523479875,-0.040899912649223324
050-052  VI-VIII.Diseases of the nervous system and sensory organs,Females,90,0.0126160438925859,0.00563847605563974,-0.029837260762135998
050-052  VI-VIII.Diseases of the nervous system and sensory organs,Females,95,0.0163859505541536,0.00642663364676648,0
050-052  VI-VIII.Diseases of the nervous system and sensory organs,Males,0,1.977786191344035e-4,3.0917801230468566e-4,0.008652430550895929
050-052  VI-VIII.Diseases of the nervous system and sensory organs,Males,1,3.4773399365831774e-5,3.9325471880500454e-5,0.0013660716208789836
050-052  VI-VIII.Diseases of the nervous system and sensory organs,Males,5,1.0906266642863588e-5,1.493647150096774e-5,0.0014216054391624766
050-052  VI-VIII.Diseases of the nervous system and sensory organs,Males,10,1.24067281329616e-5,1.999094353981488e-5,0.0024867126927716754
050-052  VI-VIII.Diseases of the nervous system and sensory organs,Males,15,1.4023505416227168e-5,2.8991812570223964e-5,0.00453601391532743
050-052  VI-VIII.Diseases of the nervous system and sensory organs,Males,20,1.8690105325463743e-5,2.707377851183328e-5,0.0023328041483949846
050-052  VI-VIII.Diseases of the nervous system and sensory organs,Males,25,9.416464439635104e-6,2.731957791249998e-5,0.004539288709310085
050-052  VI-VIII.Diseases of the nervous system and sensory organs,Males,30,1.6562029327793525e-5,2.542240840525849e-5,0.002028394663327049
050-052  VI-VIII.Diseases of the nervous system and sensory organs,Males,35,2.5585735107523152e-5,3.229689812944664e-5,0.0013719125986000336
050-052  VI-VIII.Diseases of the nervous system and sensory organs,Males,40,3.5438570431084314e-5,3.579713285928221e-5,6.456722317693675e-5
050-052  VI-VIII.Diseases of the nervous system and sensory organs,Males,45,5.9831554438219786e-5,5.8148520328432975e-5,-2.6245171957839375e-4
050-052  VI-VIII.Diseases of the nervous system and sensory organs,Males,50,9.725070085162044e-5,8.637819314384562e-5,-0.0014367794545222523
050-052  VI-VIII.Diseases of the nervous system and sensory organs,Males,55,1.5129647309801252e-4,1.2956770298868143e-4,-0.002366375348344718
050-052  VI-VIII.Diseases of the nervous system and sensory organs,Males,60,2.443404406912272e-4,1.7982724457129193e-4,-0.0055797812122762025
050-052  VI-VIII.Diseases of the nervous system and sensory organs,Males,65,5.139084703684863e-4,3.808384769581585e-4,-0.008693780893437975
050-052  VI-VIII.Diseases of the nervous system and sensory organs,Males,70,9.04980336189952e-4,7.048716689866303e-4,-0.009199123673482745
050-052  VI-VIII.Diseases of the nervous system and sensory organs,Males,75,0.00186368675517318,0.00153021686114421,-0.009718139886189192
050-052  VI-VIII.Diseases of the nervous system and sensory organs,Males,80,0.00384663106866935,0.00297889044756203,-0.013698379882669087
050-052  VI-VIII.Diseases of the nervous system and sensory organs,Males,85,0.0070547866018029,0.00423366262914721,-0.019014762536613716
050-052  VI-VIII.Diseases of the nervous system and sensory organs,Males,90,0.01017169265940077,0.00447444876261479,-0.011102514156362986
050-052  VI-VIII.Diseases of the nervous system and sensory organs,Males,95,0.01028218220962229,0.0047597653310123,0
053-061  IX.Diseases of the circulatory system,Females,0,1.1963417069797496e-4,6.153311323371325e-5,-0.004869411807348456
053-061  IX.Diseases of the circulatory system,Females,1,9.708375880781743e-6,1.3429624831066705e-5,0.0012077447243683537
053-061  IX.Diseases of the circulatory system,Females,5,8.818018624093147e-7,3.240498144379822e-6,9.040587470394712e-4
053-061  IX.Diseases of the circulatory system,Females,10,6.5614640988573614e-6,1.0502425911203302e-5,0.0014124609322436754
053-061  IX.Diseases of the circulatory system,Females,15,4.3720476735496256e-6,1.018017423347516e-5,0.0019372179906582687
053-061  IX.Diseases of the circulatory system,Females,20,1.1630972371641294e-5,1.801358632874334e-5,0.0019702467744764363
053-061  IX.Diseases of the circulatory system,Females,25,1.6111653902004513e-5,2.7471239970547213e-5,0.003224647285932747
053-061  IX.Diseases of the circulatory system,Females,30,2.6541696690570935e-5,4.347383535841244e-5,0.004386808940608944
053-061  IX.Diseases of the circulatory system,Females,35,3.624353360106942e-5,7.901453371049564e-5,0.010022879597315182
053-061  IX.Diseases of the circulatory system,Females,40,7.568965427658124e-5,1.366945955884742e-4,0.012790368239436134
053-061  IX.Diseases of the circulatory system,Females,45,1.282994317941098e-4,2.1937577088234283e-4,0.016857172334823645
053-061  IX.Diseases of the circulatory system,Females,50,2.252829909214346e-4,3.199276385011712e-4,0.015206992985412171
053-061  IX.Diseases of the circulatory system,Females,55,3.9065091269732834e-4,5.704733823379588e-4,0.024546249828063083
053-061  IX.Diseases of the circulatory system,Females,60,6.465908706334395e-4,0.00116958287121423,0.05893771779184931
053-061  IX.Diseases of the circulatory system,Females,65,0.00109232859201414,0.00234269315733182,0.11182794652367534
053-061  IX.Diseases of the circulatory system,Females,70,0.00209268149736426,0.00523222185754148,0.21043493533892388
053-061  IX.Diseases of the circulatory system,Females,75,0.00456536704586928,0.01162331277376299,0.32478585325414144
053-061  IX.Diseases of the circulatory system,Females,80,0.01172283686736819,0.02678164330854916,0.41399611075223675
053-061  IX.Diseases of the circulatory system,Females,85,0.02636117530767467,0.0548851898422649,0.37527727966408975
053-061  IX.Diseases of the circulatory system,Females,90,0.05604480746233815,0.1024842195868822,0.19858356508642316
053-061  IX.Diseases of the circulatory system,Females,95,0.10265606213391484,0.16867159051199107,0
053-061  IX.Diseases of the circulatory system,Males,0,1.3597280065490242e-4,4.8309064422607136e-5,-0.006808873621267253
053-061  IX.Diseases of the circulatory system,Males,1,1.209509543159366e-5,1.2512650143795601e-05,1.2530767915563956e-4
053-061  IX.Diseases of the circulatory system,Males,5,5.033661527475501e-6,4.9788238336559136e-6,-1.934332533437555e-5
053-061  IX.Diseases of the circulatory system,Males,10,6.203364066480799e-6,9.086792518097672e-6,9.454185759096845e-4
053-061  IX.Diseases of the circulatory system,Males,15,1.0723857082997245e-5,2.0071254856308903e-5,0.0028326467338928296
053-061  IX.Diseases of the circulatory system,Males,20,2.3787406777862944e-5,4.119922817018107e-5,0.004844937090481949
053-061  IX.Diseases of the circulatory system,Males,25,2.9034098688874896e-5,5.805410306406246e-5,0.007357948012881366
053-061  IX.Diseases of the circulatory system,Males,30,6.264767615295811e-5,1.1233157202323518e-4,0.011374067447590619
053-061  IX.Diseases of the circulatory system,Males,35,1.0888812848085437e-4,2.217306275425471e-4,0.023067543676461355
053-061  IX.Diseases of the circulatory system,Males,40,1.9466256997356177e-4,4.571018503569883e-4,0.047258090238230466
053-061  IX.Diseases of the circulatory system,Males,45,4.074735172947726e-4,7.654894251455355e-4,0.055828868917018326
053-061  IX.Diseases of the circulatory system,Males,50,8.664652838587879e-4,0.00131915434772106,0.059821925559390365
053-061  IX.Diseases of the circulatory system,Males,55,0.00130899013364555,0.00199438286526281,0.07464281037290732
053-061  IX.Diseases of the circulatory system,Males,60,0.00201094344993664,0.00356344785254768,0.13427694635711873
053-061  IX.Diseases of the circulatory system,Males,65,0.00304351874512147,0.00581036000656433,0.18076436119933703
053-061  IX.Diseases of the circulatory system,Males,70,0.00496903969610487,0.01016294507793357,0.2387671810259917
053-061  IX.Diseases of the circulatory system,Males,75,0.008355239905261,0.01793491285593085,0.27917551340692626
053-061  IX.Diseases of the circulatory system,Males,80,0.01667435836053311,0.03245096495650523,0.24905379860831545
053-061  IX.Diseases of the circulatory system,Males,85,0.0328991644800671,0.0572157042775104,0.16389702595398603
053-061  IX.Diseases of the circulatory system,Males,90,0.05996664813540679,0.09582429289282056,0.06987779286491502
053-061  IX.Diseases of the circulatory system,Males,95,0.09792554485354564,0.16078719471834266,0
062-067  X.Diseases of the respiratory system,Females,0,6.646342816554165e-5,1.230662264674265e-4,0.004743843682234683
062-067  X.Diseases of the respiratory system,Females,1,9.708375880781743e-6,1.3429624831066705e-5,0.0012077447243683537
062-067  X.Diseases of the respiratory system,Females,5,8.818018624093147e-7,1.0801660481266072e-6,7.603050826787694e-5
062-067  X.Diseases of the respiratory system,Females,10,3.2807320494286807e-6,3.819063967710291e-6,1.9294092133748109e-4
062-067  X.Diseases of the respiratory system,Females,15,5.246457208259551e-6,7.047812930867421e-6,6.008165761670625e-4
062-067  X.Diseases of the respiratory system,Females,20,1.0736282189207348e-5,8.075055940471153e-6,-8.214929600711685e-4
062-067  X.Diseases of the respiratory system,Females,25,8.861409646102481e-6,1.0749615640648908e-5,5.360052997076536e-4
062-067  X.Diseases of the respiratory system,Females,30,1.1477490460787432e-5,1.7144611127261244e-5,0.0014682478152678868
062-067  X.Diseases of the respiratory system,Females,35,1.841884494480577e-5,3.1982073168533955e-5,0.003178382621129572
062-067  X.Diseases of the respiratory system,Females,40,2.812791206224303e-5,4.190135844671821e-5,0.0028877570798897523
062-067  X.Diseases of the respiratory system,Females,45,4.890101293791891e-5,5.622989073157523e-5,0.0013564901403100293
062-067  X.Diseases of the respiratory system,Females,50,6.506960174672504e-5,7.11859451396468e-5,9.827411633125394e-4
062-067  X.Diseases of the respiratory system,Females,55,1.4210893171181347e-4,1.2789645184673593e-4,-0.001940041653867297
062-067  X.Diseases of the respiratory system,Females,60,2.404340002145353e-4,2.2708395953128575e-4,-0.0015044607348215777
062-067  X.Diseases of the respiratory system,Females,65,4.142769061808545e-4,5.034853806030325e-4,0.007978473419200327
062-067  X.Diseases of the respiratory system,Females,70,7.421276478724052e-4,0.00112694009239355,0.025792940908118567
062-067  X.Diseases of the respiratory system,Females,75,0.00149799441458394,0.00264982308893712,0.0530037506512997
062-067  X.Diseases of the respiratory system,Females,80,0.00382347198734579,0.00643730675470338,0.07185939285290033
062-067  X.Diseases of the respiratory system,Females,85,0.00879935999679152,0.01365036599753055,0.06382231626773205
062-067  X.Diseases of the respiratory system,Females,90,0.01956628141375124,0.02698764774886869,0.031735018614753585
062-067  X.Diseases of the respiratory system,Females,95,0.037287627949987,0.04832828502368392,0
062-067  X.Diseases of the respiratory system,Males,0,1.2361163695900218e-4,1.8357444480590713e-4,0.004657332645692236
062-067  X.Diseases of the respiratory system,Males,1,4.535660786847623e-6,1.6087693042022913e-5,0.0034667513262434113
062-067  X.Diseases of the respiratory system,Males,5,8.389435879125835e-7,6.970353367118279e-6,0.00216277975897583
062-067  X.Diseases of the respiratory system,Males,10,3.8771025415505e-6,3.634717007239069e-6,-7.947337367397722e-5
062-067  X.Diseases of the respiratory system,Males,15,8.249120833074805e-6,1.2637456761379676e-5,0.0013298466306252976
062-067  X.Diseases of the respiratory system,Males,20,1.2743253630998006e-5,2.766233891426444e-5,0.004151319268444809
062-067  X.Diseases of the respiratory system,Males,25,2.275645572911816e-5,3.2441998771093726e-5,0.0024557447083282113
062-067  X.Diseases of the respiratory system,Males,30,3.4564235118873437e-5,5.143603561063927e-5,0.003862438590857664
062-067  X.Diseases of the respiratory system,Males,35,4.2841230877713186e-5,6.956254981726968e-5,0.00546243832623361
062-067  X.Diseases of the respiratory system,Males,40,5.4405692633636486e-5,1.0463777297328646e-4,0.009045414929786944
062-067  X.Diseases of the respiratory system,Males,45,1.1037890215326752e-4,1.3302469718970284e-4,0.003531376942405018
062-067  X.Diseases of the respiratory system,Males,50,1.9834747461827673e-4,2.0965580860156705e-4,0.0014943729972998199
062-067  X.Diseases of the respiratory system,Males,55,3.3812005323928307e-4,4.213349749039345e-4,0.009062534982703596
062-067  X.Diseases of the respiratory system,Males,60,5.708484632078229e-4,9.498850158029592e-4,0.03278307638191791
062-067  X.Diseases of the respiratory system,Males,65,0.00106254048603214,0.00193507118021983,0.05700451697573783
062-067  X.Diseases of the respiratory system,Males,70,0.00212242945295363,0.00391316656092221,0.08232133336285585
062-067  X.Diseases of the respiratory system,Males,75,0.00401419716987551,0.0084643954438321,0.12968982455063838
062-067  X.Diseases of the respiratory system,Males,80,0.00914793353562693,0.01611700265270555,0.110015558134819
062-067  X.Diseases of the respiratory system,Males,85,0.01800541712521633,0.02904347015847452,0.0743980103005697
062-067  X.Diseases of the respiratory system,Males,90,0.0346019866046083,0.05093344479312914,0.031825970391309966
062-067  X.Diseases of the respiratory system,Males,95,0.05829834103614417,0.08021945960315867,0
068-072  XI.Diseases of the digestive system,Females,0,1.329268563310833e-5,5.1277594361427714e-5,0.0031834904756351534
068-072  XI.Diseases of the digestive system,Females,1,3.236125293593915e-6,3.8370356660190585e-6,1.9502762161494047e-4
068-072  XI.Diseases of the digestive system,Females,5,8.818018624093147e-7,4.3206641925064305e-6,0.0013180728663826358
068-072  XI.Diseases of the digestive system,Females,10,8.201830123571702e-7,0,-2.9395779949936696e-4
068-072  XI.Diseases of the digestive system,Females,15,1.7488190694198502e-6,3.132361302607742e-6,4.614608303654677e-4
068-072  XI.Diseases of the digestive system,Females,20,1.7893803648678917e-6,3.7269488956020705e-6,5.981073230429956e-4
068-072  XI.Diseases of the digestive system,Females,25,3.2223307804009023e-6,7.763611296024212e-6,0.001289133935088671
068-072  XI.Diseases of the digestive system,Females,30,7.890774691791359e-6,1.8369226207779904e-5,0.0027147760655452657
068-072  XI.Diseases of the digestive system,Females,35,1.485390721355304e-5,3.637176948578371e-5,0.005042457323767735
068-072  XI.Diseases of the digestive system,Females,40,1.9433830152095183e-5,5.2891878695037744e-5,0.0070148540795571535
068-072  XI.Diseases of the digestive system,Females,45,5.258173434184829e-5,9.1868553871306e-5,0.007271533901217708
068-072  XI.Diseases of the digestive system,Females,50,9.514378742798448e-5,1.325531392255492e-4,0.006010733463625684
068-072  XI.Diseases of the digestive system,Females,55,1.3616295130546146e-4,1.9046450023218944e-4,0.007412307196787538
068-072  XI.Diseases of the digestive system,Females,60,1.9356974593543095e-4,2.9239571780355816e-4,0.01113702930091165
068-072  XI.Diseases of the digestive system,Females,65,2.7407229357280245e-4,4.881736606204715e-4,0.019148428188060507
068-072  XI.Diseases of the digestive system,Females,70,5.491913836592827e-4,8.904839122931183e-4,0.0228759182499374
068-072  XI.Diseases of the digestive system,Females,75,0.00101748553764414,0.00163075561127579,0.02822087579565391
068-072  XI.Diseases of the digestive system,Females,80,0.00216287557461116,0.00303798052664796,0.024058333807232657
068-072  XI.Diseases of the digestive system,Females,85,0.00430501146451343,0.0052646908119806,0.012626031651450376
068-072  XI.Diseases of the digestive system,Females,90,0.0076963659609375,0.00879372791817069,0.004692505000889469
068-072  XI.Diseases of the digestive system,Females,95,0.01246209082279107,0.0134408452269516,0
068-072  XI.Diseases of the digestive system,Males,0,3.708349108770067e-5,2.898543865356428e-5,-6.289786173141465e-4
068-072  XI.Diseases of the digestive system,Males,1,6.04754771579683e-6,3.575042898227314e-6,-7.41995794882655e-4
068-072  XI.Diseases of the digestive system,Males,5,8.389435879125835e-7,2.987294300193548e-6,7.578044207008361e-4
068-072  XI.Diseases of the digestive system,Males,10,2.3262615249302995e-6,9.086792518097672e-7,-4.647969028468424e-4
068-072  XI.Diseases of the digestive system,Males,15,2.4747362499224416e-6,6.6904182854362996e-6,0.0012775253861292413
068-072  XI.Diseases of the digestive system,Males,20,4.247751210332668e-6,3.53136241458695e-6,-1.9933920579262576e-4
068-072  XI.Diseases of the digestive system,Males,25,3.923526849847959e-6,1.365978895624999e-5,0.002468604397535046
068-072  XI.Diseases of the digestive system,Males,30,1.6562029327793525e-5,5.025359801039469e-5,0.007712965497077562
068-072  XI.Diseases of the digestive system,Males,35,2.9155837680665923e-5,1.1303914345306324e-4,0.017147633521773287
068-072  XI.Diseases of the digestive system,Males,40,4.5920401121968405e-5,2.134059843534132e-4,0.030159543164188563
068-072  XI.Diseases of the digestive system,Males,45,1.4081046863477587e-4,3.226048045618542e-4,0.028348941832049945
068-072  XI.Diseases of the digestive system,Males,50,3.131802230814896e-4,4.7214488097072906e-4,0.02100685146479009
068-072  XI.Diseases of the digestive system,Males,55,4.747156544573268e-4,5.91212629933539e-4,0.012687122628236125
068-072  XI.Diseases of the digestive system,Males,60,6.213022415216456e-4,9.002394574857313e-4,0.024125430626327216
068-072  XI.Diseases of the digestive system,Males,65,8.385736188783071e-4,0.00122897605807578,0.025505924974481786
068-072  XI.Diseases of the digestive system,Males,70,0.00115652753061408,0.00166184156834036,0.023229610168144177
068-072  XI.Diseases of the digestive system,Males,75,0.00184100767511738,0.00270285727363617,0.0251164351744535
068-072  XI.Diseases of the digestive system,Males,80,0.00311554621643687,0.00425309792224174,0.01795768809991216
068-072  XI.Diseases of the digestive system,Males,85,0.00549478057751775,0.00706517975732283,0.01058470574740511
068-072  XI.Diseases of the digestive system,Males,90,0.00912337780727433,0.0101825072308103,0.0020639802377218075
068-072  XI.Diseases of the digestive system,Males,95,0.01357900888635832,0.01811032662531512,0
074-076  XIII.Diseases of the osteomuscular system and of the conjunctive tissue,Females,0,0,0,0
074-076  XIII.Diseases of the osteomuscular system and of the conjunctive tissue,Females,1,1.6180626467969577e-6,0,-5.251480488510651e-4
074-076  XIII.Diseases of the osteomuscular system and of the conjunctive tissue,Females,5,0,0,0
074-076  XIII.Diseases of the osteomuscular system and of the conjunctive tissue,Females,10,0,0,0
074-076  XIII.Diseases of the osteomuscular system and of the conjunctive tissue,Females,15,8.744095347099251e-7,3.132361302607742e-6,7.531076917217661e-4
074-076  XIII.Diseases of the osteomuscular system and of the conjunctive tissue,Females,20,1.7893803648678917e-6,3.7269488956020705e-6,5.981073230429956e-4
074-076  XIII.Diseases of the osteomuscular system and of the conjunctive tissue,Females,25,2.4167480853006767e-6,1.7916026067748182e-6,-1.7746013439534636e-4
074-076  XIII.Diseases of the osteomuscular system and of the conjunctive tissue,Females,30,2.869372615196858e-6,1.8369226207779905e-6,-2.674890015299525e-4
074-076  XIII.Diseases of the osteomuscular system and of the conjunctive tissue,Females,35,1.7824688656263649e-6,5.643895265035404e-6,9.048797497399619e-4
074-076  XIII.Diseases of the osteomuscular system and of the conjunctive tissue,Females,40,2.5570829147493664e-06,2.7476300620798826e-6,3.9950340521954786e-5
074-076  XIII.Diseases of the osteomuscular system and of the conjunctive tissue,Females,45,7.36144280785876e-6,9.503643503928207e-6,3.9649646294037666e-4
074-076  XIII.Diseases of the osteomuscular system and of the conjunctive tissue,Females,50,1.0389264144435091e-5,1.5546355835095276e-5,8.286137585997722e-4
074-076  XIII.Diseases of the osteomuscular system and of the conjunctive tissue,Females,55,1.843253925969129e-5,2.2082840606630662e-5,4.982759328271413e-4
074-076  XIII.Diseases of the osteomuscular system and of the conjunctive tissue,Females,60,2.5809299458057465e-5,3.7177462401139697e-5,0.0012811163037156348
074-076  XIII.Diseases of the osteomuscular system and of the conjunctive tissue,Females,65,3.722947340439802e-5,5.854481169802703e-5,0.0019063644018899595
074-076  XIII.Diseases of the osteomuscular system and of the conjunctive tissue,Females,70,9.98529788471423e-5,1.0766302668402672e-4,5.234864545258233e-4
074-076  XIII.Diseases of the osteomuscular system and of the conjunctive tissue,Females,75,2.3119828446992657e-4,3.3679994401443865e-4,0.004859476178808109
074-076  XIII.Diseases of the osteomuscular system and of the conjunctive tissue,Females,80,5.778773010365126e-4,7.666646892295984e-4,0.005190131746914517
074-076  XIII.Diseases of the osteomuscular system and of the conjunctive tissue,Females,85,0.00144249172813923,0.00188520066201461,0.005824504836894562
074-076  XIII.Diseases of the osteomuscular system and of the conjunctive tissue,Females,90,0.00329114188502241,0.0039338205039347,0.0027482022762796987
074-076  XIII.Diseases of the osteomuscular system and of the conjunctive tissue,Females,95,0.00671878775230512,0.00752834227192644,0
074-076  XIII.Diseases of the osteomuscular system and of the conjunctive tissue,Males,0,0,0,0
074-076  XIII.Diseases of the osteomuscular system and of the conjunctive tissue,Males,1,0,0,0
074-076  XIII.Diseases of the osteomuscular system and of the conjunctive tissue,Males,5,0,0,0
074-076  XIII.Diseases of the osteomuscular system and of the conjunctive tissue,Males,10,0,0,0
074-076  XIII.Diseases of the osteomuscular system and of the conjunctive tissue,Males,15,0,2.2301394284787667e-6,6.75824151429083e-4
074-076  XIII.Diseases of the osteomuscular system and of the conjunctive tissue,Males,20,1.6991004841330674e-6,1.1771208048623164e-6,-1.4524377729685511e-4
074-076  XIII.Diseases of the osteomuscular system and of the conjunctive tissue,Males,25,0,0,0
074-076  XIII.Diseases of the osteomuscular system and of the conjunctive tissue,Males,30,0,2.956094000611452e-6,6.767346230418525e-4
074-076  XIII.Diseases of the osteomuscular system and of the conjunctive tissue,Males,35,3.570102573142766e-6,7.453130337564608e-6,7.937781712143988e-4
074-076  XIII.Diseases of the osteomuscular system and of the conjunctive tissue,Males,40,1.9965391792160177e-6,5.507251209120341e-6,6.321825971156159e-4
074-076  XIII.Diseases of the osteomuscular system and of the conjunctive tissue,Males,45,6.189471148781356e-6,3.982775364961163e-6,-3.44111328274721e-4
074-076  XIII.Diseases of the osteomuscular system and of the conjunctive tissue,Males,50,8.241584817933937e-6,1.1740725281687757e-5,4.624041906424736e-4
074-076  XIII.Diseases of the osteomuscular system and of the conjunctive tissue,Males,55,1.9601162506625108e-5,2.015497602046156e-5,6.0313153497304484e-5
074-076  XIII.Diseases of the osteomuscular system and of the conjunctive tissue,Males,60,3.0272266988293637e-5,2.868410036106497e-5,-1.3736139024445038e-4
074-076  XIII.Diseases of the osteomuscular system and of the conjunctive tissue,Males,65,5.2953406575131194e-5,3.293738179097586e-5,-0.0013076947654155902
074-076  XIII.Diseases of the osteomuscular system and of the conjunctive tissue,Males,70,8.646934808329616e-5,8.152430335254622e-5,-2.2732687537541096e-4
074-076  XIII.Diseases of the osteomuscular system and of the conjunctive tissue,Males,75,2.081139111002263e-4,2.331258219154421e-4,7.289091231257316e-4
074-076  XIII.Diseases of the osteomuscular system and of the conjunctive tissue,Males,80,5.098848200185504e-4,5.751152655986812e-4,0.0010297448337581727
074-076  XIII.Diseases of the osteomuscular system and of the conjunctive tissue,Males,85,0.0013403260315605,0.00132046712227421,-1.3385177015834415e-4
074-076  XIII.Diseases of the osteomuscular system and of the conjunctive tissue,Males,90,0.00298541838322965,0.00342901680873283,8.644631732011021e-4
074-076  XIII.Diseases of the osteomuscular system and of the conjunctive tissue,Males,95,0.00538590496694501,0.00673332656582229,0
077-080  XIV.Diseases of the genitourinary system,Females,0,0,1.0255518872285543e-5,8.595083612732424e-4
077-080  XIV.Diseases of the genitourinary system,Females,1,0,0,0
077-080  XIV.Diseases of the genitourinary system,Females,5,0,0,0
077-080  XIV.Diseases of the genitourinary system,Females,10,8.201830123571702e-7,0,-2.9395779949936696e-4
077-080  XIV.Diseases of the genitourinary system,Females,15,8.744095347099251e-7,2.3492709769558067e-6,4.919190534309337e-4
077-080  XIV.Diseases of the genitourinary system,Females,20,0,4.969265194136093e-6,0.001533960660339062
077-080  XIV.Diseases of the genitourinary system,Females,25,8.055826951002256e-7,2.3888034756997575e-6,4.494291044352394e-4
077-080  XIV.Diseases of the genitourinary system,Females,30,2.869372615196858e-6,3.673845241555981e-6,2.084242150033333e-4
077-080  XIV.Diseases of the genitourinary system,Females,35,1.7824688656263649e-6,4.389696317249758e-6,6.109730136358849e-4
077-080  XIV.Diseases of the genitourinary system,Females,40,2.0456663317994933e-6,1.099052024831953e-5,0.0018753886649136575
077-080  XIV.Diseases of the genitourinary system,Females,45,6.835625464440278e-6,1.9007287007856415e-5,0.0022528331538893553
077-080  XIV.Diseases of the genitourinary system,Females,50,9.842460768412193e-6,1.963750210748877e-5,0.0015738145657309133
077-080  XIV.Diseases of the genitourinary system,Females,55,2.378392162540812e-5,3.864497106160366e-5,0.0020285731413309804
077-080  XIV.Diseases of the genitourinary system,Females,60,4.4826678006099805e-5,8.540768389451013e-5,0.004573209279712387
077-080  XIV.Diseases of the genitourinary system,Females,65,9.584609110493958e-5,1.7383305627260333e-4,0.006974863460627034
077-080  XIV.Diseases of the genitourinary system,Females,70,2.174764030823354e-4,3.3506343818486825e-4,0.00788154200743918
077-080  XIV.Diseases of the genitourinary system,Females,75,4.9222860564565e-4,7.379881126198729e-4,0.011309125966661782
077-080  XIV.Diseases of the genitourinary system,Females,80,0.00147864834899364,0.00162318783330655,0.0039736709816935445
077-080  XIV.Diseases of the genitourinary system,Females,85,0.00360703159605896,0.00311152684516458,-0.00651911357063284
077-080  XIV.Diseases of the genitourinary system,Females,90,0.00743743554348232,0.00533524405846144,-0.008989325764730438
077-080  XIV.Diseases of the genitourinary system,Females,95,0.01438017868030069,0.00940124693469839,0
077-080  XIV.Diseases of the genitourinary system,Males,0,0,0,0
077-080  XIV.Diseases of the genitourinary system,Males,1,1.5118869289492077e-6,0,-4.537154935775334e-4
077-080  XIV.Diseases of the genitourinary system,Males,5,0,9.957647667311827e-7,3.5124383454387953e-4
077-080  XIV.Diseases of the genitourinary system,Males,10,7.754205083100999e-7,0,-2.542448910958228e-4
077-080  XIV.Diseases of the genitourinary system,Males,15,0,2.973519237971689e-6,9.01098868538952e-4
077-080  XIV.Diseases of the genitourinary system,Males,20,8.495502420665337e-7,1.1771208048623164e-6,9.114834880108447e-5
077-080  XIV.Diseases of the genitourinary system,Males,25,1.5694107399391836e-6,1.7074736195312488e-6,3.500549063062408e-5
077-080  XIV.Diseases of the genitourinary system,Males,30,2.880352926572787e-6,4.7297504009783236e-6,4.233800760289341e-4
077-080  XIV.Diseases of the genitourinary system,Males,35,2.380068382095177e-6,8.695318727158709e-6,0.001290979146688187
077-080  XIV.Diseases of the genitourinary system,Males,40,4.49221315323604e-6,1.583334722622098e-5,0.00204222605887594
077-080  XIV.Diseases of the genitourinary system,Males,45,1.289473155996116e-5,2.6286317408743673e-5,0.0020882789679461666
077-080  XIV.Diseases of the genitourinary system,Males,50,2.142812052662823e-5,3.4383552610656995e-5,0.0017120336119376134
077-080  XIV.Diseases of the genitourinary system,Males,55,4.103993399824632e-5,7.294181797881326e-5,0.0034742800185227907
077-080  XIV.Diseases of the genitourinary system,Males,60,8.721295965675073e-5,1.4121403254678137e-4,0.004670581990623646
077-080  XIV.Diseases of the genitourinary system,Males,65,1.7274963784346078e-4,2.665869338707109e-4,0.006130614952013502
077-080  XIV.Diseases of the genitourinary system,Males,70,4.1465982830853385e-4,6.020256247572643e-4,0.008613325738252797
077-080  XIV.Diseases of the genitourinary system,Males,75,8.511325338586178e-4,0.00116913476103458,0.009267373706123294
077-080  XIV.Diseases of the genitourinary system,Males,80,0.00206765792823699,0.00264139765697118,0.00905720506530372
077-080  XIV.Diseases of the genitourinary system,Males,85,0.00475509857669805,0.00484625046937751,6.143762486914284e-4
077-080  XIV.Diseases of the genitourinary system,Males,90,0.01039199070803604,0.00965979125386932,-0.0014268749110186718
077-080  XIV.Diseases of the genitourinary system,Males,95,0.01700640295623243,0.01776205111328983,0
"083-085  XVII.Congenital malformations, deformations and chromosomal abnormalities",Females,0,0.00130268319204461,0.00267669042566652,0.11515465199980213
"083-085  XVII.Congenital malformations, deformations and chromosomal abnormalities",Females,1,3.3979315582736106e-5,4.988146365824776e-5,0.005161099324823226
"083-085  XVII.Congenital malformations, deformations and chromosomal abnormalities",Females,5,3.527207449637259e-6,1.1881826529392685e-5,0.00320222086864419
"083-085  XVII.Congenital malformations, deformations and chromosomal abnormalities",Females,10,4.100915061785851e-6,1.4321489878913594e-5,0.0036631064501477795
"083-085  XVII.Congenital malformations, deformations and chromosomal abnormalities",Females,15,6.120866742969476e-6,1.8011077489994518e-5,0.003965810650669255
"083-085  XVII.Congenital malformations, deformations and chromosomal abnormalities",Females,20,2.684070547301837e-6,9.317372239005176e-6,0.0020476314798401063
"083-085  XVII.Congenital malformations, deformations and chromosomal abnormalities",Females,25,8.055826951002257e-6,2.986004344624697e-6,-0.001439171252272331
"083-085  XVII.Congenital malformations, deformations and chromosomal abnormalities",Females,30,7.890774691791359e-6,7.959998023371292e-6,1.793450527998175e-5
"083-085  XVII.Congenital malformations, deformations and chromosomal abnormalities",Females,35,3.5649377312527298e-6,7.525193686713871e-6,9.280392909687407e-4
"083-085  XVII.Congenital malformations, deformations and chromosomal abnormalities",Females,40,3.579916080649113e-6,1.3051242794879444e-5,0.0019857695751284155
"083-085  XVII.Congenital malformations, deformations and chromosomal abnormalities",Females,45,6.835625464440278e-6,1.0295613795922226e-5,6.404036455762707e-4
"083-085  XVII.Congenital malformations, deformations and chromosomal abnormalities",Females,50,1.7497708032732787e-5,6.545834035829591e-6,-0.0017596882158414928
"083-085  XVII.Congenital malformations, deformations and chromosomal abnormalities",Females,55,2.378392162540812e-5,1.1041420303315331e-5,-0.0017393856367249327
"083-085  XVII.Congenital malformations, deformations and chromosomal abnormalities",Females,60,2.648849154905897e-5,1.8086333060013907e-5,-9.468673417387663e-4
"083-085  XVII.Congenital malformations, deformations and chromosomal abnormalities",Females,65,2.5347726573207164e-5,1.711309880403867e-5,-7.364744122924094e-4
"083-085  XVII.Congenital malformations, deformations and chromosomal abnormalities",Females,70,1.1846963592033837e-5,1.5092947665985056e-5,2.1756956294893826e-4
"083-085  XVII.Congenital malformations, deformations and chromosomal abnormalities",Females,75,1.5981448235248375e-5,1.8573526324325655e-5,1.1927977061532147e-4
"083-085  XVII.Congenital malformations, deformations and chromosomal abnormalities",Females,80,2.6907812243385285e-5,2.485446623437601e-5,-5.6450467440072316e-5
"083-085  XVII.Congenital malformations, deformations and chromosomal abnormalities",Females,85,2.5672822747750612e-5,4.4135132555526055e-5,2.428995769037101e-4
"083-085  XVII.Congenital malformations, deformations and chromosomal abnormalities",Females,90,2.384885423929283e-5,2.458637814959189e-5,3.153776759745597e-6
"083-085  XVII.Congenital malformations, deformations and chromosomal abnormalities",Females,95,2.1921004085824224e-5,3.672362083866559e-5,0
"083-085  XVII.Congenital malformations, deformations and chromosomal abnormalities",Males,0,0.00133500567915722,0.00303380924573972,0.13194667836420138
"083-085  XVII.Congenital malformations, deformations and chromosomal abnormalities",Males,1,1.209509543159366e-5,6.256325071897801e-5,0.015145434189548723
"083-085  XVII.Congenital malformations, deformations and chromosomal abnormalities",Males,5,4.1947179395629176e-6,2.0911060101354835e-5,0.005896485110866934
"083-085  XVII.Congenital malformations, deformations and chromosomal abnormalities",Males,10,3.1016820332403996e-6,4.543396259048837e-6,4.727092879477368e-4
"083-085  XVII.Congenital malformations, deformations and chromosomal abnormalities",Males,15,4.1245604165374024e-6,8.177177904422144e-6,0.00122811010822943
"083-085  XVII.Congenital malformations, deformations and chromosomal abnormalities",Males,20,8.495502420665334e-6,1.1182647646192009e-5,7.477132505044892e-4
"083-085  XVII.Congenital malformations, deformations and chromosomal abnormalities",Males,25,7.062348329726327e-6,1.0813999590364575e-5,9.512215981288819e-4
"083-085  XVII.Congenital malformations, deformations and chromosomal abnormalities",Males,30,5.040617621502377e-6,8.868282001834355e-6,8.762620576163727e-4
"083-085  XVII.Congenital malformations, deformations and chromosomal abnormalities",Males,35,7.735222241809326e-6,1.3042978090738064e-5,0.0010850246217870563
"083-085  XVII.Congenital malformations, deformations and chromosomal abnormalities",Males,40,7.986156716864071e-6,1.1702908819380724e-5,6.692847425995296e-4
"083-085  XVII.Congenital malformations, deformations and chromosomal abnormalities",Males,45,1.289473155996116e-5,7.168995656930094e-6,-8.928691491689733e-4
"083-085  XVII.Congenital malformations, deformations and chromosomal abnormalities",Males,50,1.2637096720832037e-5,1.6772464688125366e-5,5.464803421659781e-4
"083-085  XVII.Congenital malformations, deformations and chromosomal abnormalities",Males,55,3.123935274493376e-5,1.055736839167034e-5,-0.0022523749702543228
"083-085  XVII.Congenital malformations, deformations and chromosomal abnormalities",Males,60,2.738919394178948e-5,1.10323462927173e-5,-0.0014147125966701424
"083-085  XVII.Congenital malformations, deformations and chromosomal abnormalities",Males,65,2.34383930742384e-5,1.3380811352583943e-5,-6.570858655550182e-4
"083-085  XVII.Congenital malformations, deformations and chromosomal abnormalities",Males,70,1.473909342328912e-5,6.271100257888171e-6,-3.8927907256436356e-4
"083-085  XVII.Congenital malformations, deformations and chromosomal abnormalities",Males,75,2.401314358848765e-5,4.382064321718837e-5,5.772396715855166e-4
"083-085  XVII.Congenital malformations, deformations and chromosomal abnormalities",Males,80,2.2494918530230163e-5,1.3775215942483383e-5,-1.3765150016809002e-4
"083-085  XVII.Congenital malformations, deformations and chromosomal abnormalities",Males,85,2.2246075212622497e-5,3.403265779057245e-5,7.94431818889052e-5
"083-085  XVII.Congenital malformations, deformations and chromosomal abnormalities",Males,90,4.557890661419316e-5,4.181727815527844e-5,-7.330479718348215e-6
"083-085  XVII.Congenital malformations, deformations and chromosomal abnormalities",Males,95,1.3056739313806087e-4,0,0
"086-089  XVIII. Symptoms, signs and abnormal clinical and laboratory findings, not classified elsewhere (2)",Females,0,1.728049132304083e-4,4.614983492528494e-4,0.0241952089596964
"086-089  XVIII. Symptoms, signs and abnormal clinical and laboratory findings, not classified elsewhere (2)",Females,1,1.4562563821172615e-5,2.1103696163104825e-5,0.002122948016435089
"086-089  XVIII. Symptoms, signs and abnormal clinical and laboratory findings, not classified elsewhere (2)",Females,5,2.6454055872279444e-06,1.0801660481266072e-6,-5.999367138400657e-4
"086-089  XVIII. Symptoms, signs and abnormal clinical and laboratory findings, not classified elsewhere (2)",Females,10,3.2807320494286807e-6,4.773829959637865e-6,5.351339512316144e-4
"086-089  XVIII. Symptoms, signs and abnormal clinical and laboratory findings, not classified elsewhere (2)",Females,15,3.4976381388397004e-6,3.915451628259679e-6,1.393557457447514e-4
"086-089  XVIII. Symptoms, signs and abnormal clinical and laboratory findings, not classified elsewhere (2)",Females,20,8.946901824339457e-6,5.590423343403106e-6,-0.0010361101180649257
"086-089  XVIII. Symptoms, signs and abnormal clinical and laboratory findings, not classified elsewhere (2)",Females,25,1.2889323121603607e-5,1.0749615640648908e-5,-6.073990618915559e-4
"086-089  XVIII. Symptoms, signs and abnormal clinical and laboratory findings, not classified elsewhere (2)",Females,30,9.325460999389786e-6,1.4695380966223922e-5,0.001391248523447075
"086-089  XVIII. Symptoms, signs and abnormal clinical and laboratory findings, not classified elsewhere (2)",Females,35,1.6636376079179403e-5,1.8812984216784677e-5,5.100624544240873e-4
"086-089  XVIII. Symptoms, signs and abnormal clinical and laboratory findings, not classified elsewhere (2)",Females,40,2.147949648389468e-5,2.4041763043198975e-5,5.372078410914582e-4
"086-089  XVIII. Symptoms, signs and abnormal clinical and laboratory findings, not classified elsewhere (2)",Females,45,2.7868319201179596e-5,2.9302900803778644e-5,2.655243891496184e-4
"086-089  XVIII. Symptoms, signs and abnormal clinical and laboratory findings, not classified elsewhere (2)",Females,50,3.936984307364877e-5,3.845677496049884e-5,-1.4670687406237448e-4
"086-089  XVIII. Symptoms, signs and abnormal clinical and laboratory findings, not classified elsewhere (2)",Females,55,6.12435981854259e-5,3.4964497627165216e-5,-0.0035871677703482874
"086-089  XVIII. Symptoms, signs and abnormal clinical and laboratory findings, not classified elsewhere (2)",Females,60,9.169093228520413e-5,7.033573967783187e-5,-0.0024065880788839422
"086-089  XVIII. Symptoms, signs and abnormal clinical and laboratory findings, not classified elsewhere (2)",Females,65,1.0851995439154315e-4,1.233944492712262e-4,0.001330319375924205
"086-089  XVIII. Symptoms, signs and abnormal clinical and laboratory findings, not classified elsewhere (2)",Females,70,1.227006943460647e-4,2.0325169523526535e-4,0.005399116464417375
"086-089  XVIII. Symptoms, signs and abnormal clinical and laboratory findings, not classified elsewhere (2)",Females,75,2.482451625875248e-4,5.324410879640022e-4,0.013077856311994651
"086-089  XVIII. Symptoms, signs and abnormal clinical and laboratory findings, not classified elsewhere (2)",Females,80,7.12416362253439e-4,0.00141096892930534,0.01920456601962428
"086-089  XVIII. Symptoms, signs and abnormal clinical and laboratory findings, not classified elsewhere (2)",Females,85,0.00170884726414715,0.00370419862519593,0.02625186183594508
"086-089  XVIII. Symptoms, signs and abnormal clinical and laboratory findings, not classified elsewhere (2)",Females,90,0.00475273595197335,0.011506424974009,0.02887991690091951
"086-089  XVIII. Symptoms, signs and abnormal clinical and laboratory findings, not classified elsewhere (2)",Females,95,0.01367870654955431,0.03279419340892837,0
"086-089  XVIII. Symptoms, signs and abnormal clinical and laboratory findings, not classified elsewhere (2)",Males,0,5.933358574032107e-4,6.280178374938927e-4,0.0026937617483042686
"086-089  XVIII. Symptoms, signs and abnormal clinical and laboratory findings, not classified elsewhere (2)",Males,1,1.5118869289492075e-5,3.0387864634932173e-5,0.004582207588669007
"086-089  XVIII. Symptoms, signs and abnormal clinical and laboratory findings, not classified elsewhere (2)",Males,5,8.389435879125835e-7,6.970353367118279e-6,0.00216277975897583
"086-089  XVIII. Symptoms, signs and abnormal clinical and laboratory findings, not classified elsewhere (2)",Males,10,5.427943558170699e-6,3.634717007239069e-6,-5.879631557945686e-4
"086-089  XVIII. Symptoms, signs and abnormal clinical and laboratory findings, not classified elsewhere (2)",Males,15,1.1548769166304726e-5,1.6354355808844288e-5,0.0014562907921629176
"086-089  XVIII. Symptoms, signs and abnormal clinical and laboratory findings, not classified elsewhere (2)",Males,20,1.6991004841330672e-5,3.178226173128255e-5,0.004115750300101695
"086-089  XVIII. Symptoms, signs and abnormal clinical and laboratory findings, not classified elsewhere (2)",Males,25,2.5110571839026935e-5,3.6426103883333305e-5,0.0028690242580040604
"086-089  XVIII. Symptoms, signs and abnormal clinical and laboratory findings, not classified elsewhere (2)",Males,30,4.3925382130235e-5,5.793944241198446e-5,0.00320821996878351
"086-089  XVIII. Symptoms, signs and abnormal clinical and laboratory findings, not classified elsewhere (2)",Males,35,5.414655569266528e-5,7.887896273922543e-5,0.005055860021627723
"086-089  XVIII. Symptoms, signs and abnormal clinical and laboratory findings, not classified elsewhere (2)",Males,40,6.438838852971657e-5,9.362327055504578e-5,0.005264397503594864
"086-089  XVIII. Symptoms, signs and abnormal clinical and laboratory findings, not classified elsewhere (2)",Males,45,1.134736377276582e-4,1.0355215948899024e-4,-0.0015471516645675365
"086-089  XVIII. Symptoms, signs and abnormal clinical and laboratory findings, not classified elsewhere (2)",Males,50,1.4999684368639766e-4,1.1824587605128382e-4,-0.004195824844160256
"086-089  XVIII. Symptoms, signs and abnormal clinical and laboratory findings, not classified elsewhere (2)",Males,55,2.058122063195636e-4,1.6891789426672543e-4,-0.00401798123399999
"086-089  XVIII. Symptoms, signs and abnormal clinical and laboratory findings, not classified elsewhere (2)",Males,60,2.5371042809236574e-4,2.338857414056067e-4,-0.0017146478699743284
"086-089  XVIII. Symptoms, signs and abnormal clinical and laboratory findings, not classified elsewhere (2)",Males,65,2.960182236413072e-4,3.1599300655717465e-4,0.0013050003355630224
"086-089  XVIII. Symptoms, signs and abnormal clinical and laboratory findings, not classified elsewhere (2)",Males,70,3.498078172460617e-4,4.6155297898056946e-4,0.005136996697714835
"086-089  XVIII. Symptoms, signs and abnormal clinical and laboratory findings, not classified elsewhere (2)",Males,75,4.2156407633122767e-4,8.168167895683912e-4,0.01151864449219886
"086-089  XVIII. Symptoms, signs and abnormal clinical and laboratory findings, not classified elsewhere (2)",Males,80,0.00104788828819988,0.00158414983338558,0.008465564679440263
"086-089  XVIII. Symptoms, signs and abnormal clinical and laboratory findings, not classified elsewhere (2)",Males,85,0.00204663891956126,0.00411114506110115,0.013915054458777831
"086-089  XVIII. Symptoms, signs and abnormal clinical and laboratory findings, not classified elsewhere (2)",Males,90,0.00496050433651135,0.01143702557546865,0.012621132457041995
"086-089  XVIII. Symptoms, signs and abnormal clinical and laboratory findings, not classified elsewhere (2)",Males,95,0.01197955832041708,0.03227353078101028,0
090-102  XX.External causes of mortality,Females,0,6.646342816554165e-5,1.5383278308428314e-4,0.007322368765869669
090-102  XX.External causes of mortality,Females,1,3.559737822953306e-5,8.441478465241929e-5,0.015843864749413683
090-102  XX.External causes of mortality,Females,5,1.0581622348911776e-5,3.348514749192483e-5,0.008778634367203608
090-102  XX.External causes of mortality,Females,10,1.3943111210071891e-5,4.7738299596378646e-5,0.012112368900488946
090-102  XX.External causes of mortality,Females,15,4.5469295804916106e-5,1.3704080698908873e-4,0.03054237490718492
090-102  XX.External causes of mortality,Females,20,5.457610112847069e-5,1.6087996066015603e-4,0.03281489962763828
090-102  XX.External causes of mortality,Females,25,7.169685986392008e-5,1.331757937702615e-4,0.017452033566229375
090-102  XX.External causes of mortality,Females,30,5.953948176533479e-5,1.4144304179990522e-4,0.021219721648023437
090-102  XX.External causes of mortality,Females,35,7.308122349068097e-5,1.222843974091004e-4,0.011530183692954665
090-102  XX.External causes of mortality,Females,40,7.313257136183187e-5,1.3257315049535433e-4,0.01246238221254714
090-102  XX.External causes of mortality,Females,45,9.464712181532693e-5,1.417626822669291e-4,0.008720542899709471
090-102  XX.External causes of mortality,Females,50,1.284987933653814e-4,1.5791824611438888e-4,0.004726959453194013
090-102  XX.External causes of mortality,Females,55,1.1951420616767578e-4,1.6746154126694922e-4,0.006544939951908191
090-102  XX.External causes of mortality,Females,60,1.3991357074631151e-4,1.98949663660153e-4,0.006652974761081509
090-102  XX.External causes of mortality,Females,65,1.758498531016247e-4,2.6930613381092434e-4,0.008358381379437674
090-102  XX.External causes of mortality,Females,70,2.6909531587619706e-4,4.0549719395946513e-4,0.009142650217242476
090-102  XX.External causes of mortality,Females,75,4.805088769398012e-4,5.25011677434272e-4,0.0020478873137221854
090-102  XX.External causes of mortality,Females,80,9.110216430974732e-4,7.551933971214249e-4,-0.004284020951914158
090-102  XX.External causes of mortality,Females,85,0.00187251150916406,0.00125785127783249,-0.00808678392991169
090-102  XX.External causes of mortality,Females,90,0.00352281646906125,0.00202427846764973,-0.006408001510308736
090-102  XX.External causes of mortality,Females,95,0.00628036767058864,0.00363563846302789,0
090-102  XX.External causes of mortality,Males,0,1.2361163695900218e-4,2.0289807057494996e-4,0.006158205542774908
090-102  XX.External causes of mortality,Males,1,5.896359022901909e-5,1.0903880839593307e-4,0.015027514220747662
090-102  XX.External causes of mortality,Males,5,8.389435879125835e-6,5.7754356470408594e-5,0.01741287157510385
090-102  XX.External causes of mortality,Males,10,2.63642972825434e-5,1.0904151021717206e-4,0.027108206160136206
090-102  XX.External causes of mortality,Males,15,1.1878733999627718e-4,4.601521020761189e-4,0.10344759068421183
090-102  XX.External causes of mortality,Males,20,2.140866610007665e-4,6.680160567593647e-4,0.1263084038246518
090-102  XX.External causes of mortality,Males,25,2.6130688819987405e-4,6.949417631492182e-4,0.10994701542955454
090-102  XX.External causes of mortality,Males,30,2.585116751599076e-4,6.326041161308509e-4,0.08564047933400332
090-102  XX.External causes of mortality,Males,35,2.8620322294694504e-4,6.397270206409622e-4,0.07226821202422684
090-102  XX.External causes of mortality,Males,40,3.0896443798367874e-4,6.009787881952572e-4,0.052583746205442594
090-102  XX.External causes of mortality,Males,45,4.0644193876997577e-4,5.886541989412598e-4,0.028414112784858503
090-102  XX.External causes of mortality,Males,50,4.269140935689779e-4,5.677479296930436e-4,0.018610900786967477
090-102  XX.External causes of mortality,Males,55,4.134620216241233e-4,6.036895198509676e-4,0.020716757560478527
090-102  XX.External causes of mortality,Males,60,4.6417476048716915e-4,6.795925316313854e-4,0.01863159949760984
090-102  XX.External causes of mortality,Males,65,4.8092110233807675e-4,7.10212294867917e-4,0.01498014193741426
090-102  XX.External causes of mortality,Males,70,6.858591472970537e-4,9.281228381674494e-4,0.01113701712770876
090-102  XX.External causes of mortality,Males,75,0.00102856298370688,0.00126203452465502,0.006803939829651995
090-102  XX.External causes of mortality,Males,80,0.00188394942690677,0.00165991352106924,-0.003536689265132509
090-102  XX.External causes of mortality,Males,85,0.00298375483789299,0.00267496690233899,-0.0020812730043928696
090-102  XX.External causes of mortality,Males,90,0.00556062660693156,0.00359628592135394,-0.003828012217653054
090-102  XX.External causes of mortality,Males,95,0.00776875989171462,0.0047597653310123,0
